NAME,YOB,DEPARTURE,DESTINATION,PAID
Theo Baker,1993,Rijeka,Brno,700
Theodore Baker,1990,Rijeka,Brno,700
Oscar Baker,2014,Rijeka,Brno,700
Charlotte Baker,2014,Rijeka,Brno,700
Ella Wilson,1992,Warsaw,Innsbruck,1100
Finley Baker,1974,Warsaw,Innsbruck,1100
Isabella Burton,1990,Warsaw,Innsbruck,1100
Jacob Owen,1974,Warsaw,Innsbruck,1100
Muhammad Adams,1980,Warsaw,Innsbruck,1100
Henry Wilson,1974,Warsaw,Innsbruck,1100
Rosie Matthews,1984,Warsaw,Vienna,1100
Sophia Jones,1982,Warsaw,Vienna,1100
Finley Matthews,1984,Warsaw,Vienna,1100
Tommy Black,1983,Warsaw,Vienna,1100
Evie Chapman,1992,Warsaw,Vienna,1100
Muhammad Lewis,1989,Warsaw,Vienna,1100
Florence Black,1975,Warsaw,Innsbruck,1200
Sophia Holmes,1983,Warsaw,Innsbruck,1200
Leo Black,1975,Warsaw,Innsbruck,1200
Isabella Davidson,1979,Warsaw,Innsbruck,1200
Harry White,1975,Warsaw,Innsbruck,1200
Arthur Burton,1980,Warsaw,Innsbruck,1200
Finley Wilson,1984,Rijeka,Prague,1000
Daisy Owen,1979,Rijeka,Prague,1000
Ella White,1990,Rijeka,Prague,1000
Muhammad Lewis,1991,Rijeka,Prague,1000
Ivy Stevens,1982,Rijeka,Prague,1000
Charlie Wilson,1978,Rijeka,Prague,600
Sienna Wilson,1993,Rijeka,Prague,600
Charlotte Wilson,2018,Rijeka,Prague,600
Evie Wilson,2013,Rijeka,Prague,600
Elsie Matthews,1977,Rome,Hamburg,700
Ivy Matthews,1990,Rome,Hamburg,700
Evie Matthews,2014,Rome,Hamburg,700
Ava Matthews,1978,Rijeka,Brno,700
Tommy Matthews,1980,Rijeka,Brno,700
William Matthews,2018,Rijeka,Brno,700
Evie Black,1976,Warsaw,Vienna,700
Lucas Black,1979,Warsaw,Vienna,700
Amelia Black,2013,Warsaw,Vienna,700
Jacob Black,2014,Warsaw,Vienna,700
Sophia Burton,1974,Rijeka,Brno,1200
Lucas Harris,1987,Rijeka,Brno,1200
Roman Allen,1992,Rijeka,Brno,1200
Lucas Stevens,1989,Rijeka,Brno,1200
Finley Foster,1992,Innsbruck,Hamburg,300
Phoebe Foster,1973,Innsbruck,Hamburg,300
Evie Foster,2013,Innsbruck,Hamburg,300
Emily Foster,2015,Innsbruck,Hamburg,300
Ava Allen,1991,Warsaw,Innsbruck,900
Alfie Allen,1987,Warsaw,Innsbruck,900
Amelia Allen,2014,Warsaw,Innsbruck,900
Lily Foster,1980,Innsbruck,Hamburg,1200
Evelyn Davidson,1987,Innsbruck,Hamburg,1200
Oscar White,1980,Innsbruck,Hamburg,1200
Lucas Wilson,1975,Innsbruck,Hamburg,1200
Tommy Baker,1988,Rijeka,Brno,700
Mia Baker,1980,Rijeka,Brno,700
Sophia Baker,2014,Rijeka,Brno,700
Theodore Davidson,1984,Innsbruck,Hamburg,1200
Sophia Allen,1989,Innsbruck,Hamburg,1200
Mia Robinson,1985,Innsbruck,Hamburg,1200
Noah Walker,1993,Innsbruck,Hamburg,1200
Sienna Allen,1986,Napoli,Berlin,1000
Harry Baker,1992,Napoli,Berlin,1000
Amelia Baker,1976,Napoli,Berlin,1000
Arthur Lewis,1985,Rijeka,Prague,1000
Isla Foster,1984,Rijeka,Prague,1000
Alfie Holmes,1976,Rijeka,Prague,1000
Jack Chapman,1978,Rijeka,Prague,1000
Elsie Holmes,1984,Napoli,Berlin,1100
Muhammad Allen,1987,Napoli,Berlin,1100
Daisy Lewis,1982,Napoli,Berlin,1100
Alfie Baker,1986,Rijeka,Prague,1000
Isabella Baker,1982,Rijeka,Prague,1000
Mia Burton,1973,Rijeka,Prague,1000
Charlie Burton,1987,Rijeka,Prague,1000
Theodore Wilson,1980,Innsbruck,Hamburg,1200
Freddie Jones,1976,Innsbruck,Hamburg,1200
Thomas Walker,1989,Innsbruck,Hamburg,1200
Daisy Jones,1992,Innsbruck,Hamburg,1200
Amelia Robinson,1975,Innsbruck,Hamburg,1200
Grace Allen,1975,Zagreb,Krakow,700
Finley Allen,1983,Zagreb,Krakow,700
George Allen,2015,Zagreb,Krakow,700
Evelyn Payne,1989,Warsaw,Vienna,900
Freya Payne,1987,Warsaw,Vienna,900
Evie Payne,2017,Warsaw,Vienna,900
Alfie Payne,2014,Warsaw,Vienna,900
Isla Chapman,1977,Napoli,Berlin,800
Willow Chapman,1980,Napoli,Berlin,800
Lily Chapman,2016,Napoli,Berlin,800
Tommy Chapman,2013,Napoli,Berlin,800
Thomas Stevens,1978,Innsbruck,Hamburg,1200
Isla Davidson,1992,Innsbruck,Hamburg,1200
Mia Jones,1981,Innsbruck,Hamburg,1200
Muhammad Davidson,1980,Innsbruck,Hamburg,1200
Rosie Stevens,1979,Innsbruck,Hamburg,1200
Grace Matthews,1983,Warsaw,Vienna,1100
Poppy Payne,1973,Warsaw,Vienna,1100
Isla Harris,1979,Warsaw,Vienna,1100
Henry White,1993,Warsaw,Vienna,1100
Archie Payne,1975,Rijeka,Brno,1200
Evie Walker,1989,Rijeka,Brno,1200
Evelyn Allen,1975,Rijeka,Brno,1200
Ava Harris,1980,Innsbruck,Hamburg,1200
George Stevens,1976,Innsbruck,Hamburg,1200
Lucas Black,1973,Innsbruck,Hamburg,1200
Willow Matthews,1985,Innsbruck,Hamburg,900
Lily Matthews,1992,Innsbruck,Hamburg,900
Henry Matthews,2016,Innsbruck,Hamburg,900
Lucas Lewis,1978,Zagreb,Krakow,700
Poppy Lewis,1986,Zagreb,Krakow,700
Noah Lewis,2017,Zagreb,Krakow,700
Isaac Allen,1992,Warsaw,Innsbruck,900
Freddie Allen,1988,Warsaw,Innsbruck,900
Mia Allen,2016,Warsaw,Innsbruck,900
George Allen,2017,Warsaw,Innsbruck,900
Amelia White,1973,Innsbruck,Hamburg,1200
Rosie Davidson,1978,Innsbruck,Hamburg,1200
Lily Baker,1979,Innsbruck,Hamburg,1200
Harry Owen,1978,Innsbruck,Hamburg,1200
Ava White,1979,Innsbruck,Hamburg,900
Ava White,1989,Innsbruck,Hamburg,900
Noah White,2016,Innsbruck,Hamburg,900
Evelyn White,2013,Innsbruck,Hamburg,900
Arthur Burton,1984,Napoli,Berlin,800
Rosie Burton,1988,Napoli,Berlin,800
Arthur Burton,2016,Napoli,Berlin,800
Noah Burton,2016,Napoli,Berlin,800
William Davidson,1993,Napoli,Berlin,1100
Elsie Stevens,1988,Napoli,Berlin,1100
Lucas Davidson,1993,Napoli,Berlin,1100
Daisy Jones,1979,Napoli,Berlin,1100
Freya Jones,1980,Napoli,Berlin,1100
Finley Owen,1984,Rijeka,Brno,1200
Evie Lewis,1990,Rijeka,Brno,1200
Theo Jones,1992,Rijeka,Brno,1200
Thomas Jones,1984,Rijeka,Brno,1200
Sofia Webb,1989,Innsbruck,Hamburg,900
Grace Webb,1980,Innsbruck,Hamburg,900
Ava Webb,2013,Innsbruck,Hamburg,900
Jack Payne,1978,Innsbruck,Hamburg,1200
Theodore Lewis,1993,Innsbruck,Hamburg,1200
Rosie Allen,1993,Innsbruck,Hamburg,1200
George Harris,1984,Rijeka,Brno,600
Tommy Harris,1992,Rijeka,Brno,600
Tommy Harris,2015,Rijeka,Brno,600
Elsie Holmes,1988,Innsbruck,Hamburg,1200
Mia Adams,1984,Innsbruck,Hamburg,1200
Harry Foster,1979,Innsbruck,Hamburg,1200
George Black,1982,Rijeka,Prague,600
Tommy Black,1976,Rijeka,Prague,600
Isla Black,2016,Rijeka,Prague,600
George Black,2013,Rijeka,Prague,600
Sofia Foster,1992,Innsbruck,Hamburg,1200
Florence White,1975,Innsbruck,Hamburg,1200
Mia Chapman,1974,Innsbruck,Hamburg,1200
Tommy Holmes,1989,Innsbruck,Hamburg,1200
Muhammad Adams,1992,Innsbruck,Hamburg,1200
Muhammad Robinson,1982,Innsbruck,Hamburg,1200
Phoebe Walker,1987,Innsbruck,Hamburg,1200
Jack Davidson,1973,Innsbruck,Hamburg,1200
Charlie Allen,1991,Rijeka,Prague,1000
Florence Stevens,1989,Rijeka,Prague,1000
Elsie Payne,1988,Rijeka,Prague,1000
Amelia White,1976,Napoli,Berlin,1100
Leo Robinson,1992,Napoli,Berlin,1100
Ivy White,1986,Napoli,Berlin,1100
Jacob Davidson,1975,Rijeka,Prague,1000
Mia Stevens,1990,Rijeka,Prague,1000
Jack Lewis,1985,Rijeka,Prague,1000
Henry Webb,1992,Rijeka,Brno,700
Evelyn Webb,1991,Rijeka,Brno,700
Alfie Webb,2017,Rijeka,Brno,700
George Baker,1976,Warsaw,Innsbruck,1200
Phoebe Lewis,1987,Warsaw,Innsbruck,1200
Grace White,1980,Warsaw,Innsbruck,1200
George Stevens,1991,Warsaw,Innsbruck,1200
Charlotte Adams,1979,Napoli,Berlin,800
William Adams,1981,Napoli,Berlin,800
Lily Adams,2014,Napoli,Berlin,800
Grace Baker,1989,Rijeka,Brno,700
Rosie Baker,1988,Rijeka,Brno,700
Noah Baker,2013,Rijeka,Brno,700
Arlo Baker,2013,Rijeka,Brno,700
Lily Payne,1974,Rijeka,Prague,1000
Isaac Robinson,1985,Rijeka,Prague,1000
Elsie Wilson,1985,Rijeka,Prague,1000
Isabella Baker,1987,Rijeka,Prague,1000
Florence Holmes,1973,Rijeka,Prague,1000
William Owen,1977,Innsbruck,Hamburg,1200
Phoebe Jones,1975,Innsbruck,Hamburg,1200
Freya Foster,1979,Innsbruck,Hamburg,1200
Freddie Payne,1974,Innsbruck,Hamburg,1200
Finley Payne,1976,Innsbruck,Hamburg,1200
Arlo Burton,1988,Warsaw,Innsbruck,900
Freya Burton,1975,Warsaw,Innsbruck,900
Alfie Burton,2018,Warsaw,Innsbruck,900
George Burton,2016,Warsaw,Innsbruck,900
Harry Allen,1974,Warsaw,Vienna,1100
Florence White,1974,Warsaw,Vienna,1100
Arlo Lewis,1973,Warsaw,Vienna,1100
Amelia Matthews,1986,Innsbruck,Hamburg,300
Arthur Matthews,1988,Innsbruck,Hamburg,300
Amelia Matthews,2015,Innsbruck,Hamburg,300
Grace Matthews,2018,Innsbruck,Hamburg,300
Leo Adams,1991,Rijeka,Brno,700
Finley Adams,1979,Rijeka,Brno,700
Isabella Adams,2017,Rijeka,Brno,700
Mia Adams,2017,Rijeka,Brno,700
Amelia Matthews,1986,Napoli,Berlin,700
Jack Matthews,1991,Napoli,Berlin,700
Oscar Matthews,2016,Napoli,Berlin,700
Harry Black,1990,Rijeka,Brno,1200
Rosie Adams,1983,Rijeka,Brno,1200
Sofia Burton,1986,Rijeka,Brno,1200
Daisy Stevens,1989,Rijeka,Prague,600
Emily Stevens,1977,Rijeka,Prague,600
Henry Stevens,2013,Rijeka,Prague,600
Ella Adams,1983,Rijeka,Brno,1200
Thomas Jones,1981,Rijeka,Brno,1200
Thomas Harris,1992,Rijeka,Brno,1200
Elsie White,1982,Rijeka,Brno,1200
Evie Chapman,1984,Rijeka,Brno,1200
Theo Jones,1977,Rijeka,Brno,1200
Isla Davidson,1987,Rijeka,Brno,700
Poppy Davidson,1982,Rijeka,Brno,700
Ivy Davidson,2017,Rijeka,Brno,700
Amelia Stevens,1979,Rijeka,Brno,1200
William Adams,1977,Rijeka,Brno,1200
Sofia Owen,1977,Rijeka,Brno,1200
Theodore Davidson,1980,Rijeka,Brno,1200
Mia Wilson,1976,Warsaw,Vienna,1100
Theodore Chapman,1981,Warsaw,Vienna,1100
Evie Walker,1978,Warsaw,Vienna,1100
Henry Burton,1993,Warsaw,Vienna,1100
Sofia Davidson,1977,Rome,Hamburg,700
Emily Davidson,1976,Rome,Hamburg,700
Archie Davidson,2017,Rome,Hamburg,700
Amelia Davidson,2016,Rome,Hamburg,700
Sienna Stevens,1977,Warsaw,Vienna,1100
Elsie Chapman,1980,Warsaw,Vienna,1100
Daisy Adams,1982,Warsaw,Vienna,1100
Alfie Wilson,1990,Warsaw,Vienna,1100
Roman Chapman,1973,Warsaw,Vienna,1100
Archie Wilson,1992,Warsaw,Vienna,1100
Isaac Webb,1990,Innsbruck,Hamburg,900
Ava Webb,1979,Innsbruck,Hamburg,900
Willow Webb,2013,Innsbruck,Hamburg,900
Theodore Webb,2017,Innsbruck,Hamburg,900
Arlo Burton,1982,Rijeka,Prague,1000
Ella Davidson,1991,Rijeka,Prague,1000
Isaac Adams,1973,Rijeka,Prague,1000
Theodore Holmes,1982,Rijeka,Prague,1000
Freddie Payne,1979,Napoli,Berlin,1100
Lucas Owen,1979,Napoli,Berlin,1100
Evelyn Burton,1979,Napoli,Berlin,1100
Theodore Matthews,1993,Napoli,Berlin,1100
Theodore Wilson,1987,Napoli,Berlin,1100
Charlotte Payne,1975,Rome,Hamburg,800
Archie Payne,1979,Rome,Hamburg,800
Muhammad Payne,2014,Rome,Hamburg,800
Phoebe Holmes,1984,Rijeka,Prague,1000
Ava Adams,1979,Rijeka,Prague,1000
George Stevens,1984,Rijeka,Prague,1000
George Payne,1992,Rijeka,Prague,1000
Florence Stevens,1984,Warsaw,Innsbruck,1200
Isla Holmes,1990,Warsaw,Innsbruck,1200
Roman Wilson,1986,Warsaw,Innsbruck,1200
Noah Baker,1981,Warsaw,Innsbruck,1200
Evelyn Burton,1973,Warsaw,Innsbruck,1200
Muhammad Payne,1974,Warsaw,Innsbruck,1200
Harry Holmes,1982,Warsaw,Innsbruck,900
Thomas Holmes,1985,Warsaw,Innsbruck,900
Finley Holmes,2017,Warsaw,Innsbruck,900
Charlie Foster,1974,Warsaw,Innsbruck,1200
Muhammad Adams,1993,Warsaw,Innsbruck,1200
Harry Stevens,1985,Warsaw,Innsbruck,1200
Freya Baker,1975,Warsaw,Innsbruck,1200
Charlotte Davidson,1974,Napoli,Berlin,1100
Theodore Allen,1985,Napoli,Berlin,1100
Jack Holmes,1974,Napoli,Berlin,1100
Henry Webb,1986,Rijeka,Brno,700
Sienna Webb,1985,Rijeka,Brno,700
Oscar Webb,2016,Rijeka,Brno,700
Emily Wilson,1981,Rijeka,Prague,1000
Theodore Owen,1989,Rijeka,Prague,1000
Phoebe Harris,1976,Rijeka,Prague,1000
Isabella Foster,1974,Rijeka,Prague,1000
Freddie Adams,1989,Rijeka,Prague,1000
Charlotte Black,1983,Zagreb,Krakow,900
Mia Black,1973,Zagreb,Krakow,900
Isaac Black,2013,Zagreb,Krakow,900
Theo Black,2014,Zagreb,Krakow,900
Sophia Jones,1991,Innsbruck,Hamburg,900
Rosie Jones,1979,Innsbruck,Hamburg,900
Lily Jones,2018,Innsbruck,Hamburg,900
Lucas Jones,2016,Innsbruck,Hamburg,900
Lucas Harris,1987,Rijeka,Prague,1000
Thomas Harris,1988,Rijeka,Prague,1000
Isaac Jones,1973,Rijeka,Prague,1000
Noah Lewis,1991,Rijeka,Prague,1000
Freddie Harris,1980,Rijeka,Prague,1000
Oscar Webb,1978,Napoli,Berlin,1000
Arlo Harris,1982,Napoli,Berlin,1000
Amelia Harris,1979,Napoli,Berlin,1000
Ava Robinson,1973,Napoli,Berlin,1000
Lily Jones,1991,Napoli,Berlin,1000
William Burton,1993,Napoli,Berlin,1000
Freya Payne,1992,Zagreb,Krakow,700
Isla Payne,1981,Zagreb,Krakow,700
Ella Payne,2017,Zagreb,Krakow,700
Sophia Payne,2014,Zagreb,Krakow,700
Rosie Baker,1993,Warsaw,Vienna,1100
Noah Burton,1989,Warsaw,Vienna,1100
Amelia Burton,1983,Warsaw,Vienna,1100
Grace Webb,1986,Innsbruck,Hamburg,1200
Elsie Matthews,1974,Innsbruck,Hamburg,1200
Sophia Chapman,1993,Innsbruck,Hamburg,1200
Freddie Walker,1978,Innsbruck,Hamburg,1200
Lucas Robinson,1977,Innsbruck,Hamburg,900
Isabella Robinson,1988,Innsbruck,Hamburg,900
Leo Robinson,2018,Innsbruck,Hamburg,900
Florence Adams,1989,Innsbruck,Hamburg,900
Theo Adams,1981,Innsbruck,Hamburg,900
Evie Adams,2018,Innsbruck,Hamburg,900
Oscar Walker,1991,Rijeka,Brno,700
Ella Walker,1980,Rijeka,Brno,700
Henry Walker,2018,Rijeka,Brno,700
George Stevens,1977,Rijeka,Brno,1100
Freddie Payne,1985,Rijeka,Brno,1100
Freya Lewis,1988,Rijeka,Brno,1100
Archie Davidson,1979,Rijeka,Brno,1100
Isaac Jones,1973,Rijeka,Brno,1100
Isabella Davidson,1993,Warsaw,Vienna,700
Lucas Davidson,1992,Warsaw,Vienna,700
Oscar Davidson,2017,Warsaw,Vienna,700
Ava Wilson,1977,Innsbruck,Hamburg,900
Grace Wilson,1974,Innsbruck,Hamburg,900
Sienna Wilson,2017,Innsbruck,Hamburg,900
Noah Walker,1978,Warsaw,Vienna,700
Theo Walker,1986,Warsaw,Vienna,700
Charlotte Walker,2015,Warsaw,Vienna,700
Ava Walker,1980,Napoli,Berlin,1000
Thomas Holmes,1974,Napoli,Berlin,1000
Isaac Harris,1977,Napoli,Berlin,1000
Isaac Stevens,1979,Napoli,Berlin,1000
Phoebe Davidson,1991,Rijeka,Prague,600
Lily Davidson,1974,Rijeka,Prague,600
Elsie Davidson,2016,Rijeka,Prague,600
Tommy Jones,1990,Innsbruck,Hamburg,900
Harry Jones,1986,Innsbruck,Hamburg,900
Leo Jones,2014,Innsbruck,Hamburg,900
Ava Jones,2016,Innsbruck,Hamburg,900
Sophia Walker,1976,Rijeka,Prague,1000
Tommy Wilson,1979,Rijeka,Prague,1000
Archie Webb,1977,Rijeka,Prague,1000
Theodore Baker,1980,Rijeka,Prague,1000
Archie Stevens,1992,Rijeka,Prague,1000
Freddie Allen,1983,Napoli,Berlin,1100
Isabella Burton,1986,Napoli,Berlin,1100
Grace Jones,1979,Napoli,Berlin,1100
Sophia Foster,1986,Napoli,Berlin,1100
Charlie Allen,1976,Napoli,Berlin,1100
Sophia Davidson,1987,Napoli,Berlin,1100
Freddie Adams,1985,Rijeka,Brno,600
Mia Adams,1973,Rijeka,Brno,600
Freddie Adams,2017,Rijeka,Brno,600
Rosie Adams,2016,Rijeka,Brno,600
Muhammad Davidson,1980,Warsaw,Innsbruck,500
Oscar Davidson,1977,Warsaw,Innsbruck,500
Alfie Davidson,2015,Warsaw,Innsbruck,500
Tommy Davidson,2015,Warsaw,Innsbruck,500
Muhammad Harris,1984,Rijeka,Brno,1200
Sienna White,1981,Rijeka,Brno,1200
George Wilson,1992,Rijeka,Brno,1200
Theo Foster,1981,Rijeka,Brno,1200
Lucas Foster,1986,Rijeka,Brno,1200
Phoebe Jones,1978,Rijeka,Brno,1200
Charlie Robinson,1982,Warsaw,Innsbruck,1200
George Harris,1993,Warsaw,Innsbruck,1200
Amelia Jones,1989,Warsaw,Innsbruck,1200
Isaac Matthews,1981,Warsaw,Innsbruck,1200
Isabella Adams,1988,Warsaw,Innsbruck,1200
Sienna Owen,1976,Warsaw,Innsbruck,1200
Roman Baker,1981,Napoli,Berlin,800
Lucas Baker,1984,Napoli,Berlin,800
Roman Baker,2016,Napoli,Berlin,800
Isla Robinson,1990,Rijeka,Prague,600
Elsie Robinson,1992,Rijeka,Prague,600
Evie Robinson,2018,Rijeka,Prague,600
Grace White,1992,Rijeka,Brno,1100
Sienna Harris,1975,Rijeka,Brno,1100
Archie Black,1991,Rijeka,Brno,1100
Rosie Lewis,1983,Innsbruck,Hamburg,1200
Daisy Baker,1982,Innsbruck,Hamburg,1200
Emily Chapman,1989,Innsbruck,Hamburg,1200
Grace Owen,1979,Innsbruck,Hamburg,1200
George Owen,1978,Napoli,Berlin,800
Theo Owen,1976,Napoli,Berlin,800
George Owen,2013,Napoli,Berlin,800
Willow Allen,1992,Warsaw,Innsbruck,1200
Noah Chapman,1974,Warsaw,Innsbruck,1200
Noah Webb,1989,Warsaw,Innsbruck,1200
Emily Stevens,1973,Warsaw,Innsbruck,1200
Theodore Owen,1986,Warsaw,Innsbruck,1200
Arlo Baker,1986,Warsaw,Innsbruck,1200
Daisy Burton,1984,Rijeka,Brno,1200
Muhammad Baker,1992,Rijeka,Brno,1200
Isabella Burton,1984,Rijeka,Brno,1200
Archie Jones,1979,Rijeka,Brno,1200
Henry Jones,1984,Zagreb,Krakow,700
Finley Jones,1977,Zagreb,Krakow,700
Mia Jones,2016,Zagreb,Krakow,700
Tommy Allen,1992,Rijeka,Brno,600
Muhammad Allen,1987,Rijeka,Brno,600
Charlotte Allen,2018,Rijeka,Brno,600
Sienna Allen,2014,Rijeka,Brno,600
Isaac Adams,1978,Warsaw,Vienna,900
Sofia Adams,1989,Warsaw,Vienna,900
Lily Adams,2017,Warsaw,Vienna,900
Thomas Adams,2013,Warsaw,Vienna,900
Lily Payne,1982,Innsbruck,Hamburg,1200
Isaac Burton,1985,Innsbruck,Hamburg,1200
Freya Webb,1991,Innsbruck,Hamburg,1200
Harry Jones,1982,Innsbruck,Hamburg,1200
Leo Holmes,1987,Innsbruck,Hamburg,1200
Freddie White,1991,Innsbruck,Hamburg,1200
Sienna Wilson,1986,Warsaw,Vienna,1100
Ivy Matthews,1988,Warsaw,Vienna,1100
Jacob Stevens,1980,Warsaw,Vienna,1100
Noah Jones,1976,Warsaw,Vienna,1100
Theodore Payne,1988,Rijeka,Brno,700
Freya Payne,1988,Rijeka,Brno,700
Isabella Payne,2016,Rijeka,Brno,700
Isla Jones,1973,Napoli,Berlin,900
Grace Jones,1986,Napoli,Berlin,900
Charlotte Jones,2018,Napoli,Berlin,900
Isla Webb,1985,Warsaw,Innsbruck,900
Theodore Webb,1975,Warsaw,Innsbruck,900
Charlotte Webb,2014,Warsaw,Innsbruck,900
Arthur Webb,2014,Warsaw,Innsbruck,900
Muhammad Baker,1979,Rijeka,Brno,700
Evelyn Baker,1980,Rijeka,Brno,700
William Baker,2018,Rijeka,Brno,700
Isabella Foster,1993,Rijeka,Prague,600
Florence Foster,1985,Rijeka,Prague,600
Evie Foster,2016,Rijeka,Prague,600
Poppy Foster,2015,Rijeka,Prague,600
Finley Allen,1987,Rijeka,Prague,600
George Allen,1991,Rijeka,Prague,600
Archie Allen,2015,Rijeka,Prague,600
Charlie Allen,2017,Rijeka,Prague,600
Sophia Lewis,1987,Innsbruck,Hamburg,1200
Daisy Burton,1982,Innsbruck,Hamburg,1200
Theodore Wilson,1986,Innsbruck,Hamburg,1200
Emily Adams,1989,Warsaw,Innsbruck,900
Poppy Adams,1988,Warsaw,Innsbruck,900
Rosie Adams,2016,Warsaw,Innsbruck,900
Elsie Adams,2017,Warsaw,Innsbruck,900
George Payne,1991,Rijeka,Brno,600
Alfie Payne,1977,Rijeka,Brno,600
Isaac Payne,2016,Rijeka,Brno,600
Florence Adams,1980,Warsaw,Innsbruck,1200
Phoebe Stevens,1993,Warsaw,Innsbruck,1200
Isaac Webb,1987,Warsaw,Innsbruck,1200
Archie Webb,1985,Warsaw,Innsbruck,1200
Archie Chapman,1975,Warsaw,Innsbruck,1200
Elsie Baker,1979,Warsaw,Innsbruck,1200
Jacob Matthews,1984,Zagreb,Krakow,800
Archie Matthews,1978,Zagreb,Krakow,800
Isla Matthews,2018,Zagreb,Krakow,800
Isabella Robinson,1973,Napoli,Berlin,1100
Roman Wilson,1992,Napoli,Berlin,1100
Leo Wilson,1990,Napoli,Berlin,1100
Florence Black,1993,Warsaw,Innsbruck,900
Arthur Black,1993,Warsaw,Innsbruck,900
Rosie Black,2013,Warsaw,Innsbruck,900
Poppy Allen,1988,Rijeka,Prague,600
Rosie Allen,1991,Rijeka,Prague,600
Charlotte Allen,2016,Rijeka,Prague,600
Jack Foster,1982,Warsaw,Innsbruck,1200
Florence Foster,1974,Warsaw,Innsbruck,1200
Noah Allen,1984,Warsaw,Innsbruck,1200
Lily Baker,1976,Warsaw,Innsbruck,1200
Lucas Chapman,1983,Warsaw,Innsbruck,1200
Freya Chapman,1991,Innsbruck,Hamburg,1200
Ella Webb,1990,Innsbruck,Hamburg,1200
Theodore Webb,1986,Innsbruck,Hamburg,1200
Charlie White,1982,Innsbruck,Hamburg,1200
Freya Davidson,1978,Innsbruck,Hamburg,1200
Muhammad Robinson,1974,Warsaw,Vienna,1100
Daisy Harris,1980,Warsaw,Vienna,1100
Arlo Chapman,1981,Warsaw,Vienna,1100
Ivy Wilson,1990,Warsaw,Vienna,1100
Evie Matthews,1979,Warsaw,Vienna,1100
William Foster,1974,Rijeka,Brno,700
Harry Foster,1990,Rijeka,Brno,700
George Foster,2014,Rijeka,Brno,700
Florence Foster,2017,Rijeka,Brno,700
Sienna Adams,1975,Warsaw,Vienna,1100
Freya Adams,1990,Warsaw,Vienna,1100
Harry Stevens,1979,Warsaw,Vienna,1100
Charlie Webb,1981,Warsaw,Vienna,1100
Daisy Burton,1978,Warsaw,Vienna,1100
Elsie Holmes,1977,Warsaw,Vienna,1100
William Chapman,1982,Warsaw,Vienna,1100
Isla Lewis,1973,Innsbruck,Hamburg,900
Leo Lewis,1977,Innsbruck,Hamburg,900
Arthur Lewis,2013,Innsbruck,Hamburg,900
Theodore Lewis,2014,Innsbruck,Hamburg,900
Arlo Webb,1979,Rijeka,Brno,1200
Isabella Black,1977,Rijeka,Brno,1200
Finley Robinson,1989,Rijeka,Brno,1200
Willow Payne,1988,Rijeka,Brno,1200
Emily White,1990,Napoli,Berlin,1000
Ella Foster,1980,Napoli,Berlin,1000
Willow Harris,1991,Napoli,Berlin,1000
Muhammad Foster,1983,Warsaw,Vienna,1100
Daisy Jones,1989,Warsaw,Vienna,1100
Ava Chapman,1984,Warsaw,Vienna,1100
Muhammad Lewis,1974,Rijeka,Prague,600
Willow Lewis,1992,Rijeka,Prague,600
Freya Lewis,2018,Rijeka,Prague,600
Florence Lewis,2018,Rijeka,Prague,600
Freya Payne,1991,Napoli,Berlin,900
Arthur Payne,1976,Napoli,Berlin,900
Finley Payne,2015,Napoli,Berlin,900
Poppy Black,1984,Innsbruck,Hamburg,900
Lucas Black,1987,Innsbruck,Hamburg,900
Rosie Black,2016,Innsbruck,Hamburg,900
Ava Burton,1984,Napoli,Berlin,1100
Muhammad Black,1976,Napoli,Berlin,1100
Willow Robinson,1985,Napoli,Berlin,1100
Sofia Matthews,1983,Napoli,Berlin,1100
Leo Davidson,1988,Napoli,Berlin,1100
Lucas Lewis,1991,Innsbruck,Hamburg,1200
Arlo Walker,1973,Innsbruck,Hamburg,1200
Evelyn Stevens,1990,Innsbruck,Hamburg,1200
Lucas Baker,1992,Warsaw,Innsbruck,1100
Rosie White,1979,Warsaw,Innsbruck,1100
Arthur Webb,1979,Warsaw,Innsbruck,1100
Archie Wilson,1973,Warsaw,Innsbruck,1100
William Jones,1987,Warsaw,Innsbruck,1100
Oscar Burton,1988,Rijeka,Prague,600
Sienna Burton,1988,Rijeka,Prague,600
Daisy Burton,2018,Rijeka,Prague,600
Sienna White,1980,Warsaw,Vienna,1100
Leo Payne,1991,Warsaw,Vienna,1100
Arlo Foster,1983,Warsaw,Vienna,1100
Jack Owen,1985,Warsaw,Vienna,1100
Leo Chapman,1993,Rijeka,Prague,1000
Sophia Chapman,1986,Rijeka,Prague,1000
Muhammad Jones,1982,Rijeka,Prague,1000
Willow Stevens,1979,Napoli,Berlin,800
Amelia Stevens,1989,Napoli,Berlin,800
Lucas Stevens,2017,Napoli,Berlin,800
Harry Stevens,2016,Napoli,Berlin,800
Ella Jones,1976,Warsaw,Innsbruck,1200
Jack Burton,1990,Warsaw,Innsbruck,1200
Tommy Davidson,1989,Warsaw,Innsbruck,1200
Sienna Black,1973,Warsaw,Innsbruck,1200
Elsie Walker,1989,Warsaw,Vienna,1100
Ava Lewis,1976,Warsaw,Vienna,1100
Isla Davidson,1976,Warsaw,Vienna,1100
Isla Webb,1976,Rijeka,Prague,600
Finley Webb,1978,Rijeka,Prague,600
Daisy Webb,2018,Rijeka,Prague,600
Archie Baker,1989,Rijeka,Prague,1000
Sienna Lewis,1985,Rijeka,Prague,1000
Grace Holmes,1976,Rijeka,Prague,1000
Harry Matthews,1980,Rijeka,Prague,1000
William Jones,1983,Warsaw,Innsbruck,1200
Amelia Walker,1979,Warsaw,Innsbruck,1200
Arthur Lewis,1974,Warsaw,Innsbruck,1200
William Holmes,1978,Warsaw,Innsbruck,1200
Charlotte White,1991,Warsaw,Innsbruck,1200
Poppy Stevens,1980,Warsaw,Innsbruck,1200
Charlotte Wilson,1977,Warsaw,Innsbruck,1200
Florence Foster,1983,Warsaw,Innsbruck,1200
Freddie Matthews,1993,Warsaw,Innsbruck,1200
Charlotte Black,1983,Warsaw,Innsbruck,1200
Jacob Burton,1982,Warsaw,Innsbruck,1200
Tommy Davidson,1981,Rijeka,Prague,600
Evelyn Davidson,1982,Rijeka,Prague,600
Jacob Davidson,2017,Rijeka,Prague,600
Jacob Davidson,2015,Rijeka,Prague,600
Poppy Jones,1992,Warsaw,Vienna,700
Lily Jones,1993,Warsaw,Vienna,700
Ella Jones,2016,Warsaw,Vienna,700
Sophia Davidson,1975,Zagreb,Krakow,800
William Davidson,1986,Zagreb,Krakow,800
Charlie Davidson,2015,Zagreb,Krakow,800
Rosie Davidson,2013,Zagreb,Krakow,800
Sienna Harris,1974,Rijeka,Brno,1200
Oscar Allen,1988,Rijeka,Brno,1200
Isabella Wilson,1992,Rijeka,Brno,1200
Theo Holmes,1987,Rijeka,Brno,1200
Thomas Walker,1981,Rijeka,Brno,1200
Arlo Foster,1980,Rijeka,Prague,600
Lily Foster,1991,Rijeka,Prague,600
Freddie Foster,2014,Rijeka,Prague,600
Roman Foster,2013,Rijeka,Prague,600
Isabella Lewis,1976,Rome,Hamburg,800
Jacob Lewis,1975,Rome,Hamburg,800
Leo Lewis,2016,Rome,Hamburg,800
Muhammad Baker,1988,Warsaw,Vienna,700
Alfie Baker,1984,Warsaw,Vienna,700
Arthur Baker,2017,Warsaw,Vienna,700
Ava Baker,2017,Warsaw,Vienna,700
Daisy Jones,1992,Napoli,Berlin,900
Emily Jones,1990,Napoli,Berlin,900
Henry Jones,2017,Napoli,Berlin,900
George Jones,2016,Napoli,Berlin,900
Ella Davidson,1979,Rome,Hamburg,700
Sofia Davidson,1974,Rome,Hamburg,700
Evie Davidson,2014,Rome,Hamburg,700
Lily Davidson,2016,Rome,Hamburg,700
William Davidson,1976,Warsaw,Vienna,900
Theodore Davidson,1976,Warsaw,Vienna,900
Harry Davidson,2013,Warsaw,Vienna,900
Sienna Walker,1991,Napoli,Berlin,1100
Ava Robinson,1993,Napoli,Berlin,1100
Sienna Robinson,1989,Napoli,Berlin,1100
Sophia Matthews,1976,Napoli,Berlin,1100
William Foster,1983,Napoli,Berlin,1100
Ava Baker,1983,Warsaw,Vienna,1100
Ivy Webb,1979,Warsaw,Vienna,1100
Arthur Stevens,1973,Warsaw,Vienna,1100
Harry Robinson,1990,Rijeka,Brno,700
Oscar Robinson,1986,Rijeka,Brno,700
Arlo Robinson,2016,Rijeka,Brno,700
Ava Robinson,2016,Rijeka,Brno,700
Elsie Stevens,1989,Warsaw,Vienna,1100
Arthur Owen,1976,Warsaw,Vienna,1100
Finley Owen,1988,Warsaw,Vienna,1100
Archie Adams,1974,Warsaw,Vienna,1100
Florence Jones,1978,Warsaw,Vienna,1100
Harry Stevens,1977,Rijeka,Prague,600
Isla Stevens,1974,Rijeka,Prague,600
Roman Stevens,2013,Rijeka,Prague,600
Poppy Webb,1973,Napoli,Berlin,1000
Henry Lewis,1981,Napoli,Berlin,1000
Evie White,1985,Napoli,Berlin,1000
Ivy Adams,1981,Napoli,Berlin,1000
Charlotte White,1985,Napoli,Berlin,1000
William Allen,1974,Innsbruck,Hamburg,1200
Poppy Harris,1986,Innsbruck,Hamburg,1200
Tommy Matthews,1976,Innsbruck,Hamburg,1200
Oscar Holmes,1979,Innsbruck,Hamburg,1200
Leo Stevens,1980,Innsbruck,Hamburg,1200
Evie Payne,1989,Rijeka,Brno,1200
Finley Black,1974,Rijeka,Brno,1200
Charlotte Stevens,1981,Rijeka,Brno,1200
Sienna Webb,1973,Rijeka,Brno,1200
Isabella Jones,1990,Innsbruck,Hamburg,1200
Leo Adams,1978,Innsbruck,Hamburg,1200
George Chapman,1982,Innsbruck,Hamburg,1200
Willow Allen,1984,Innsbruck,Hamburg,1200
Isabella Black,1987,Innsbruck,Hamburg,1200
Rosie Robinson,1988,Rome,Hamburg,800
Oscar Robinson,1984,Rome,Hamburg,800
Lily Robinson,2016,Rome,Hamburg,800
Mia Foster,1976,Napoli,Berlin,800
Rosie Foster,1978,Napoli,Berlin,800
Evelyn Foster,2017,Napoli,Berlin,800
Charlotte Foster,2015,Napoli,Berlin,800
Noah Stevens,1991,Rijeka,Brno,1200
Henry Walker,1986,Rijeka,Brno,1200
Harry Chapman,1979,Rijeka,Brno,1200
Ava Wilson,1986,Rijeka,Brno,1200
Willow Baker,1981,Rijeka,Brno,1200
Noah Black,1986,Innsbruck,Hamburg,1200
Lucas Owen,1980,Innsbruck,Hamburg,1200
Daisy Davidson,1993,Innsbruck,Hamburg,1200
Thomas Payne,1974,Rijeka,Brno,1200
Charlie Adams,1976,Rijeka,Brno,1200
Mia Walker,1991,Rijeka,Brno,1200
Archie Stevens,1982,Napoli,Berlin,900
Charlotte Stevens,1979,Napoli,Berlin,900
Arlo Stevens,2015,Napoli,Berlin,900
Ava Webb,1975,Warsaw,Innsbruck,1200
Roman Webb,1973,Warsaw,Innsbruck,1200
Arthur Harris,1977,Warsaw,Innsbruck,1200
Henry Harris,1973,Warsaw,Innsbruck,1200
Ella Adams,1981,Warsaw,Innsbruck,1200
Sofia Holmes,1987,Rijeka,Prague,1000
Grace Matthews,1992,Rijeka,Prague,1000
Oscar Chapman,1981,Rijeka,Prague,1000
Ivy Chapman,1988,Rijeka,Prague,1000
Isla Wilson,1991,Rijeka,Brno,700
Isaac Wilson,1988,Rijeka,Brno,700
Isla Wilson,2016,Rijeka,Brno,700
Arthur Wilson,2018,Rijeka,Brno,700
Finley Foster,1986,Warsaw,Vienna,900
Freddie Foster,1978,Warsaw,Vienna,900
Leo Foster,2017,Warsaw,Vienna,900
Alfie Foster,2014,Warsaw,Vienna,900
George Jones,1979,Napoli,Berlin,800
Archie Jones,1977,Napoli,Berlin,800
Phoebe Jones,2013,Napoli,Berlin,800
Alfie Payne,1984,Warsaw,Innsbruck,1200
Finley Holmes,1982,Warsaw,Innsbruck,1200
Finley Webb,1992,Warsaw,Innsbruck,1200
Finley Chapman,1986,Warsaw,Innsbruck,1200
Ella Allen,1976,Warsaw,Innsbruck,1200
Rosie Burton,1978,Zagreb,Krakow,800
Finley Burton,1984,Zagreb,Krakow,800
Ava Burton,2014,Zagreb,Krakow,800
Rosie Baker,1974,Rome,Hamburg,800
Ivy Baker,1974,Rome,Hamburg,800
Amelia Baker,2013,Rome,Hamburg,800
Willow Owen,1987,Warsaw,Vienna,1100
Isaac Holmes,1993,Warsaw,Vienna,1100
Evelyn Holmes,1975,Warsaw,Vienna,1100
William Black,1993,Napoli,Berlin,900
Harry Black,1987,Napoli,Berlin,900
Thomas Black,2018,Napoli,Berlin,900
Ivy Black,2017,Napoli,Berlin,900
William Jones,1988,Napoli,Berlin,800
Isla Jones,1984,Napoli,Berlin,800
Sienna Jones,2013,Napoli,Berlin,800
Leo Jones,2014,Napoli,Berlin,800
Isabella Holmes,1978,Rijeka,Prague,600
Evie Holmes,1989,Rijeka,Prague,600
Archie Holmes,2014,Rijeka,Prague,600
Sophia Black,1977,Rijeka,Prague,1000
Leo Allen,1992,Rijeka,Prague,1000
Isaac Foster,1988,Rijeka,Prague,1000
William Chapman,1973,Rijeka,Prague,1000
Freya Matthews,1982,Napoli,Berlin,700
Sofia Matthews,1974,Napoli,Berlin,700
Mia Matthews,2018,Napoli,Berlin,700
Noah Matthews,2017,Napoli,Berlin,700
Muhammad Chapman,1986,Innsbruck,Hamburg,300
Finley Chapman,1986,Innsbruck,Hamburg,300
Ava Chapman,2014,Innsbruck,Hamburg,300
Phoebe Chapman,2016,Innsbruck,Hamburg,300
Tommy Wilson,1993,Innsbruck,Hamburg,1200
Theodore Lewis,1992,Innsbruck,Hamburg,1200
Lucas Foster,1984,Innsbruck,Hamburg,1200
Freddie Robinson,1978,Rijeka,Brno,700
Ella Robinson,1988,Rijeka,Brno,700
Evelyn Robinson,2018,Rijeka,Brno,700
Tommy Lewis,1974,Zagreb,Krakow,800
Grace Lewis,1992,Zagreb,Krakow,800
Charlotte Lewis,2017,Zagreb,Krakow,800
Ella Lewis,1973,Rijeka,Prague,1000
Rosie Payne,1984,Rijeka,Prague,1000
Rosie Allen,1981,Rijeka,Prague,1000
Arthur Allen,1974,Rijeka,Prague,1000
Ivy Jones,1984,Rijeka,Prague,1000
Daisy Owen,1979,Rijeka,Prague,1000
Evelyn Walker,1983,Warsaw,Vienna,1100
Tommy Payne,1973,Warsaw,Vienna,1100
Arlo White,1990,Warsaw,Vienna,1100
Evie Allen,1984,Warsaw,Innsbruck,1100
Jack Matthews,1983,Warsaw,Innsbruck,1100
Willow Lewis,1973,Warsaw,Innsbruck,1100
George Baker,1984,Warsaw,Innsbruck,1100
Phoebe Baker,1986,Rijeka,Prague,600
Jacob Baker,1975,Rijeka,Prague,600
Elsie Baker,2015,Rijeka,Prague,600
Arthur Baker,2015,Rijeka,Prague,600
Poppy Davidson,1986,Warsaw,Innsbruck,1100
Willow Owen,1991,Warsaw,Innsbruck,1100
Freddie Matthews,1992,Warsaw,Innsbruck,1100
Evelyn Matthews,1978,Warsaw,Innsbruck,1100
Alfie Webb,1984,Warsaw,Innsbruck,1100
Florence Jones,1987,Warsaw,Innsbruck,1100
Elsie Payne,1987,Rijeka,Prague,1000
Thomas Adams,1993,Rijeka,Prague,1000
Jack Webb,1976,Rijeka,Prague,1000
Florence Harris,1985,Rijeka,Prague,1000
Theo Holmes,1982,Napoli,Berlin,800
Isabella Holmes,1974,Napoli,Berlin,800
Sienna Holmes,2017,Napoli,Berlin,800
Ella Holmes,2014,Napoli,Berlin,800
Freya Payne,1992,Warsaw,Vienna,900
Theo Payne,1975,Warsaw,Vienna,900
Phoebe Payne,2014,Warsaw,Vienna,900
Tommy Payne,2014,Warsaw,Vienna,900
Ella Webb,1976,Warsaw,Innsbruck,500
Isaac Webb,1992,Warsaw,Innsbruck,500
Theo Webb,2013,Warsaw,Innsbruck,500
Jacob Webb,2018,Warsaw,Innsbruck,500
Freddie Baker,1993,Warsaw,Vienna,1100
Amelia Webb,1978,Warsaw,Vienna,1100
Jacob Robinson,1978,Warsaw,Vienna,1100
Noah Lewis,1986,Warsaw,Vienna,1100
Ella Holmes,1976,Warsaw,Vienna,1100
Thomas Wilson,1979,Innsbruck,Hamburg,1200
Rosie Holmes,1986,Innsbruck,Hamburg,1200
Lucas Matthews,1974,Innsbruck,Hamburg,1200
Alfie Foster,1987,Innsbruck,Hamburg,1200
Ella Allen,1976,Innsbruck,Hamburg,1200
Poppy Chapman,1981,Innsbruck,Hamburg,1200
Amelia Holmes,1988,Warsaw,Innsbruck,1200
Ava Payne,1982,Warsaw,Innsbruck,1200
Alfie Webb,1981,Warsaw,Innsbruck,1200
Ivy Jones,1978,Warsaw,Innsbruck,1200
Muhammad Matthews,1991,Innsbruck,Hamburg,1200
Florence Robinson,1993,Innsbruck,Hamburg,1200
Alfie Robinson,1983,Innsbruck,Hamburg,1200
Thomas Wilson,1982,Innsbruck,Hamburg,1200
Muhammad Stevens,1976,Innsbruck,Hamburg,1200
Thomas Adams,1984,Napoli,Berlin,700
Jacob Adams,1978,Napoli,Berlin,700
Poppy Adams,2017,Napoli,Berlin,700
Alfie Adams,1977,Warsaw,Innsbruck,900
Rosie Adams,1990,Warsaw,Innsbruck,900
Lily Adams,2015,Warsaw,Innsbruck,900
Oscar Adams,2014,Warsaw,Innsbruck,900
Daisy Lewis,1986,Warsaw,Vienna,1100
Daisy Webb,1987,Warsaw,Vienna,1100
Sofia Baker,1983,Warsaw,Vienna,1100
Henry Baker,1983,Warsaw,Vienna,1100
Sienna Wilson,1976,Warsaw,Vienna,1100
Isabella Davidson,1993,Rijeka,Brno,1100
George Walker,1976,Rijeka,Brno,1100
Lily Payne,1988,Rijeka,Brno,1100
Thomas Walker,1974,Rijeka,Brno,1100
Emily Lewis,1985,Rijeka,Brno,1100
Jack Payne,1978,Rijeka,Brno,1200
Ivy Baker,1974,Rijeka,Brno,1200
Sophia Wilson,1988,Rijeka,Brno,1200
Ava Matthews,1985,Rijeka,Brno,1200
Ava Wilson,1980,Rijeka,Brno,1200
Jacob Stevens,1984,Rijeka,Brno,700
Harry Stevens,1983,Rijeka,Brno,700
Tommy Stevens,2018,Rijeka,Brno,700
Jacob Payne,1982,Rijeka,Prague,1000
Theo Jones,1977,Rijeka,Prague,1000
Poppy Foster,1982,Rijeka,Prague,1000
Charlotte Holmes,1991,Rijeka,Prague,1000
Harry Davidson,1979,Warsaw,Innsbruck,500
Daisy Davidson,1988,Warsaw,Innsbruck,500
Tommy Davidson,2016,Warsaw,Innsbruck,500
Noah Lewis,1975,Warsaw,Vienna,1100
Archie Wilson,1993,Warsaw,Vienna,1100
Isabella Black,1981,Warsaw,Vienna,1100
Ella Walker,1979,Warsaw,Vienna,1100
Charlotte Walker,1986,Warsaw,Vienna,1100
Evie Robinson,1976,Warsaw,Vienna,1100
Grace Davidson,1974,Napoli,Berlin,1100
Charlotte Chapman,1976,Napoli,Berlin,1100
Sophia Baker,1984,Napoli,Berlin,1100
Roman White,1977,Napoli,Berlin,1100
Charlotte Webb,1976,Napoli,Berlin,1100
Charlotte Holmes,1991,Napoli,Berlin,1100
Thomas Chapman,1987,Rijeka,Brno,1100
Theo Owen,1989,Rijeka,Brno,1100
Jacob Adams,1979,Rijeka,Brno,1100
Alfie Burton,1973,Warsaw,Innsbruck,1100
Alfie Payne,1981,Warsaw,Innsbruck,1100
Evie Jones,1987,Warsaw,Innsbruck,1100
Evelyn Owen,1976,Warsaw,Innsbruck,1100
Arthur Payne,1980,Warsaw,Innsbruck,1100
Tommy Davidson,1993,Warsaw,Innsbruck,500
Daisy Davidson,1984,Warsaw,Innsbruck,500
Amelia Davidson,2014,Warsaw,Innsbruck,500
Evie Stevens,1989,Warsaw,Vienna,900
Alfie Stevens,1983,Warsaw,Vienna,900
Harry Stevens,2014,Warsaw,Vienna,900
Arthur Payne,1981,Warsaw,Innsbruck,1200
Florence Adams,1980,Warsaw,Innsbruck,1200
Grace Webb,1980,Warsaw,Innsbruck,1200
Florence Foster,1976,Warsaw,Innsbruck,1200
Evie Stevens,1982,Rijeka,Prague,1000
Finley Chapman,1982,Rijeka,Prague,1000
Daisy Robinson,1993,Rijeka,Prague,1000
Ella Harris,1985,Rijeka,Prague,1000
Phoebe Chapman,1992,Rijeka,Prague,1000
Noah Walker,1991,Rijeka,Prague,1000
Lily Owen,1978,Rome,Hamburg,800
Willow Owen,1992,Rome,Hamburg,800
Theo Owen,2016,Rome,Hamburg,800
Harry Webb,1977,Napoli,Berlin,1000
Ava Chapman,1979,Napoli,Berlin,1000
Sofia Adams,1989,Napoli,Berlin,1000
Thomas Foster,1977,Napoli,Berlin,1000
Willow Robinson,1992,Napoli,Berlin,1000
Theodore Robinson,1978,Innsbruck,Hamburg,1200
Florence Robinson,1989,Innsbruck,Hamburg,1200
Muhammad Owen,1973,Innsbruck,Hamburg,1200
Charlotte Holmes,1992,Rijeka,Brno,700
Phoebe Holmes,1981,Rijeka,Brno,700
Emily Holmes,2018,Rijeka,Brno,700
Noah Holmes,2013,Rijeka,Brno,700
Amelia Walker,1973,Napoli,Berlin,800
Oscar Walker,1992,Napoli,Berlin,800
Sophia Walker,2013,Napoli,Berlin,800
Theo Walker,2014,Napoli,Berlin,800
Archie Stevens,1983,Napoli,Berlin,1000
Phoebe Harris,1981,Napoli,Berlin,1000
Jack Webb,1988,Napoli,Berlin,1000
Lily Black,1984,Napoli,Berlin,1000
Mia Stevens,1987,Warsaw,Innsbruck,1200
Evelyn Foster,1985,Warsaw,Innsbruck,1200
George Chapman,1977,Warsaw,Innsbruck,1200
Isabella Matthews,1976,Rome,Hamburg,700
Evie Matthews,1980,Rome,Hamburg,700
Muhammad Matthews,2017,Rome,Hamburg,700
Isla Black,1977,Warsaw,Vienna,1100
Isaac Adams,1976,Warsaw,Vienna,1100
Evie Robinson,1990,Warsaw,Vienna,1100
Jack Baker,1973,Warsaw,Vienna,1100
Arthur Matthews,1993,Warsaw,Vienna,1100
Ivy Lewis,1987,Rijeka,Brno,700
Tommy Lewis,1988,Rijeka,Brno,700
Florence Lewis,2013,Rijeka,Brno,700
Muhammad Payne,1976,Innsbruck,Hamburg,1200
Arthur Holmes,1993,Innsbruck,Hamburg,1200
Evelyn White,1985,Innsbruck,Hamburg,1200
Lucas Davidson,1990,Innsbruck,Hamburg,1200
Lily Walker,1980,Rijeka,Brno,1200
Mia Jones,1978,Rijeka,Brno,1200
Oscar Chapman,1979,Rijeka,Brno,1200
Henry Walker,1973,Rijeka,Brno,1200
Noah Black,1986,Rijeka,Brno,1200
George Jones,1979,Rijeka,Brno,1200
Isaac Webb,1984,Napoli,Berlin,1000
George White,1986,Napoli,Berlin,1000
Evelyn White,1978,Napoli,Berlin,1000
Leo Webb,1981,Napoli,Berlin,1000
Oscar Stevens,1986,Napoli,Berlin,1000
Freddie Chapman,1979,Napoli,Berlin,1000
Lily Matthews,1984,Napoli,Berlin,1100
Daisy Holmes,1983,Napoli,Berlin,1100
Sienna White,1986,Napoli,Berlin,1100
Mia Payne,1975,Napoli,Berlin,1100
Amelia Burton,1984,Rijeka,Brno,700
Florence Burton,1976,Rijeka,Brno,700
Rosie Burton,2016,Rijeka,Brno,700
Emily Burton,2018,Rijeka,Brno,700
Daisy Holmes,1985,Warsaw,Vienna,900
Theodore Holmes,1974,Warsaw,Vienna,900
Evie Holmes,2013,Warsaw,Vienna,900
Isabella Baker,1993,Rijeka,Prague,600
Amelia Baker,1974,Rijeka,Prague,600
Ella Baker,2017,Rijeka,Prague,600
Freddie Baker,2014,Rijeka,Prague,600
Isaac Payne,1991,Innsbruck,Hamburg,1200
Isla White,1974,Innsbruck,Hamburg,1200
Ivy Harris,1993,Innsbruck,Hamburg,1200
Evie Holmes,1985,Innsbruck,Hamburg,1200
Charlotte Jones,1988,Innsbruck,Hamburg,1200
George White,1981,Innsbruck,Hamburg,1200
Charlie Black,1985,Zagreb,Krakow,800
Roman Black,1990,Zagreb,Krakow,800
Sofia Black,2014,Zagreb,Krakow,800
Leo Black,2013,Zagreb,Krakow,800
Charlie Davidson,1993,Rijeka,Prague,1000
Arthur Allen,1992,Rijeka,Prague,1000
Tommy White,1974,Rijeka,Prague,1000
Ava Stevens,1985,Rijeka,Prague,1000
Ivy Black,1991,Rijeka,Prague,1000
Jacob Walker,1987,Rijeka,Prague,1000
Evie Walker,1992,Warsaw,Innsbruck,1200
Alfie Adams,1989,Warsaw,Innsbruck,1200
Phoebe Davidson,1982,Warsaw,Innsbruck,1200
Willow Webb,1992,Warsaw,Innsbruck,1200
Poppy White,1981,Warsaw,Innsbruck,1200
Lily Owen,1981,Innsbruck,Hamburg,1200
Willow Wilson,1992,Innsbruck,Hamburg,1200
Charlotte Wilson,1982,Innsbruck,Hamburg,1200
Jacob Robinson,1979,Innsbruck,Hamburg,1200
Jack Matthews,1974,Rijeka,Prague,1000
Willow Davidson,1987,Rijeka,Prague,1000
Arthur Baker,1983,Rijeka,Prague,1000
Mia Webb,1983,Rijeka,Prague,1000
Muhammad Adams,1978,Rijeka,Prague,1000
Theodore Jones,1973,Rijeka,Prague,600
Grace Jones,1974,Rijeka,Prague,600
Ivy Jones,2015,Rijeka,Prague,600
Freddie Jones,2017,Rijeka,Prague,600
Isla Allen,1979,Rijeka,Brno,600
Freddie Allen,1976,Rijeka,Brno,600
Ava Allen,2017,Rijeka,Brno,600
Poppy Allen,2016,Rijeka,Brno,600
Sienna Black,1986,Rijeka,Prague,1000
Sophia Payne,1991,Rijeka,Prague,1000
Elsie Allen,1990,Rijeka,Prague,1000
Poppy Jones,1993,Warsaw,Innsbruck,900
Alfie Jones,1989,Warsaw,Innsbruck,900
Thomas Jones,2017,Warsaw,Innsbruck,900
Lily Jones,2014,Warsaw,Innsbruck,900
Theodore Baker,1985,Rijeka,Brno,700
Evie Baker,1983,Rijeka,Brno,700
Rosie Baker,2013,Rijeka,Brno,700
Ava Davidson,1973,Rijeka,Prague,600
Emily Davidson,1973,Rijeka,Prague,600
Harry Davidson,2018,Rijeka,Prague,600
Evelyn Davidson,2018,Rijeka,Prague,600
Poppy Jones,1973,Napoli,Berlin,1100
Alfie Davidson,1978,Napoli,Berlin,1100
Florence Jones,1976,Napoli,Berlin,1100
Oscar Wilson,1981,Napoli,Berlin,1100
Charlotte Holmes,1976,Napoli,Berlin,1100
Freddie Lewis,1990,Napoli,Berlin,1100
Ivy Chapman,1987,Rome,Hamburg,800
Poppy Chapman,1976,Rome,Hamburg,800
Amelia Chapman,2014,Rome,Hamburg,800
Arlo Baker,1979,Rijeka,Prague,600
Alfie Baker,1976,Rijeka,Prague,600
Freya Baker,2016,Rijeka,Prague,600
Evelyn Baker,2015,Rijeka,Prague,600
Emily Stevens,1980,Rijeka,Brno,700
Poppy Stevens,1984,Rijeka,Brno,700
George Stevens,2014,Rijeka,Brno,700
Theodore Stevens,2018,Rijeka,Brno,700
Isabella Chapman,1984,Napoli,Berlin,700
Sienna Chapman,1989,Napoli,Berlin,700
Ava Chapman,2017,Napoli,Berlin,700
Isabella Chapman,2017,Napoli,Berlin,700
Charlotte Allen,1977,Innsbruck,Hamburg,900
Willow Allen,1992,Innsbruck,Hamburg,900
Isla Allen,2018,Innsbruck,Hamburg,900
Grace Webb,1981,Warsaw,Vienna,700
Sienna Webb,1984,Warsaw,Vienna,700
Freddie Webb,2015,Warsaw,Vienna,700
Jacob Chapman,1986,Rijeka,Brno,1100
Rosie Allen,1983,Rijeka,Brno,1100
Lily Payne,1989,Rijeka,Brno,1100
Noah Holmes,1976,Rijeka,Brno,1100
Ava Jones,1988,Rijeka,Brno,1100
Emily Holmes,1978,Rijeka,Brno,1100
Poppy Lewis,1974,Rome,Hamburg,800
Poppy Lewis,1975,Rome,Hamburg,800
Ava Lewis,2016,Rome,Hamburg,800
Jacob Harris,1978,Zagreb,Krakow,800
Charlotte Harris,1992,Zagreb,Krakow,800
Phoebe Harris,2014,Zagreb,Krakow,800
Muhammad Baker,1982,Innsbruck,Hamburg,1200
Lily Foster,1985,Innsbruck,Hamburg,1200
Florence Allen,1979,Innsbruck,Hamburg,1200
Phoebe Jones,1976,Warsaw,Innsbruck,1200
Ava Allen,1991,Warsaw,Innsbruck,1200
Harry Jones,1992,Warsaw,Innsbruck,1200
Lily Adams,1987,Warsaw,Innsbruck,1200
Ella Jones,1974,Warsaw,Innsbruck,1200
Evie Owen,1993,Rijeka,Brno,1200
Oscar Robinson,1973,Rijeka,Brno,1200
Daisy Webb,1984,Rijeka,Brno,1200
Alfie White,1982,Warsaw,Vienna,1100
Jack Allen,1985,Warsaw,Vienna,1100
William Burton,1973,Warsaw,Vienna,1100
Oscar Payne,1974,Warsaw,Vienna,1100
Leo Jones,1981,Innsbruck,Hamburg,1200
Sophia Black,1988,Innsbruck,Hamburg,1200
Lily Foster,1980,Innsbruck,Hamburg,1200
Evelyn Walker,1984,Innsbruck,Hamburg,1200
Isabella Harris,1991,Rome,Hamburg,700
Roman Harris,1977,Rome,Hamburg,700
Poppy Harris,2014,Rome,Hamburg,700
Jacob Black,1989,Warsaw,Innsbruck,500
Freya Black,1976,Warsaw,Innsbruck,500
Tommy Black,2014,Warsaw,Innsbruck,500
Isla White,1990,Napoli,Berlin,1100
Jacob Walker,1981,Napoli,Berlin,1100
Isla Walker,1980,Napoli,Berlin,1100
Alfie Lewis,1990,Napoli,Berlin,1100
Charlie Lewis,1987,Innsbruck,Hamburg,900
Roman Lewis,1992,Innsbruck,Hamburg,900
Isaac Lewis,2013,Innsbruck,Hamburg,900
Phoebe Owen,1978,Zagreb,Krakow,700
Emily Owen,1993,Zagreb,Krakow,700
Charlotte Owen,2017,Zagreb,Krakow,700
Arlo Owen,2013,Zagreb,Krakow,700
Henry Foster,1989,Warsaw,Innsbruck,1200
Isaac Jones,1986,Warsaw,Innsbruck,1200
Alfie Foster,1978,Warsaw,Innsbruck,1200
Willow Lewis,1989,Warsaw,Innsbruck,1200
Jack Webb,1992,Warsaw,Innsbruck,1200
Sophia Payne,1993,Innsbruck,Hamburg,1200
Grace Davidson,1981,Innsbruck,Hamburg,1200
Isabella Lewis,1990,Innsbruck,Hamburg,1200
Daisy Webb,1992,Warsaw,Innsbruck,500
Poppy Webb,1973,Warsaw,Innsbruck,500
Tommy Webb,2017,Warsaw,Innsbruck,500
Emily Webb,2013,Warsaw,Innsbruck,500
Emily Walker,1979,Innsbruck,Hamburg,900
Rosie Walker,1978,Innsbruck,Hamburg,900
Harry Walker,2018,Innsbruck,Hamburg,900
Ivy Walker,2015,Innsbruck,Hamburg,900
William Harris,1991,Zagreb,Krakow,800
Freddie Harris,1974,Zagreb,Krakow,800
Lily Harris,2014,Zagreb,Krakow,800
Amelia Holmes,1977,Innsbruck,Hamburg,1200
Ava Allen,1974,Innsbruck,Hamburg,1200
Finley Davidson,1993,Innsbruck,Hamburg,1200
Florence Adams,1993,Innsbruck,Hamburg,1200
George Holmes,1992,Innsbruck,Hamburg,1200
Ivy Harris,1981,Innsbruck,Hamburg,1200
Leo Foster,1984,Rome,Hamburg,800
Oscar Foster,1987,Rome,Hamburg,800
Phoebe Foster,2017,Rome,Hamburg,800
Arlo Foster,2017,Rome,Hamburg,800
George Burton,1978,Warsaw,Innsbruck,900
Arthur Burton,1984,Warsaw,Innsbruck,900
Muhammad Burton,2017,Warsaw,Innsbruck,900
Amelia Burton,2018,Warsaw,Innsbruck,900
Poppy Chapman,1984,Napoli,Berlin,800
Alfie Chapman,1989,Napoli,Berlin,800
Emily Chapman,2016,Napoli,Berlin,800
Arlo Chapman,2015,Napoli,Berlin,800
Charlotte White,1985,Rijeka,Prague,600
Willow White,1991,Rijeka,Prague,600
Emily White,2015,Rijeka,Prague,600
Evelyn Robinson,1990,Innsbruck,Hamburg,1200
Isla Webb,1985,Innsbruck,Hamburg,1200
Poppy Walker,1993,Innsbruck,Hamburg,1200
Sofia Harris,1978,Rijeka,Brno,600
Noah Harris,1973,Rijeka,Brno,600
Leo Harris,2013,Rijeka,Brno,600
Sienna Harris,2018,Rijeka,Brno,600
Sienna Harris,1992,Warsaw,Vienna,900
Freya Harris,1992,Warsaw,Vienna,900
Freddie Harris,2018,Warsaw,Vienna,900
Tommy Harris,2016,Warsaw,Vienna,900
Henry Robinson,1980,Rijeka,Prague,600
Jacob Robinson,1989,Rijeka,Prague,600
Willow Robinson,2016,Rijeka,Prague,600
Grace Robinson,2017,Rijeka,Prague,600
Evelyn Foster,1980,Rijeka,Brno,700
Arlo Foster,1987,Rijeka,Brno,700
Lily Foster,2015,Rijeka,Brno,700
Jack White,1991,Warsaw,Vienna,1100
Emily Stevens,1992,Warsaw,Vienna,1100
Willow Payne,1977,Warsaw,Vienna,1100
Theo Owen,1989,Warsaw,Vienna,1100
Arthur Harris,1973,Napoli,Berlin,700
Isaac Harris,1987,Napoli,Berlin,700
Charlie Harris,2014,Napoli,Berlin,700
Theo Webb,1977,Napoli,Berlin,800
Phoebe Webb,1983,Napoli,Berlin,800
Lucas Webb,2015,Napoli,Berlin,800
Alfie Holmes,1991,Rome,Hamburg,800
Isla Holmes,1987,Rome,Hamburg,800
Isla Holmes,2017,Rome,Hamburg,800
Lily Lewis,1974,Rijeka,Brno,1200
Elsie Holmes,1992,Rijeka,Brno,1200
Tommy Baker,1980,Rijeka,Brno,1200
Thomas Harris,1987,Rijeka,Brno,1200
Jacob Stevens,1974,Rijeka,Brno,1200
Isaac Baker,1985,Warsaw,Innsbruck,900
George Baker,1990,Warsaw,Innsbruck,900
Henry Baker,2014,Warsaw,Innsbruck,900
Finley Baker,2014,Warsaw,Innsbruck,900
Evie White,1976,Warsaw,Vienna,1100
Isla Burton,1981,Warsaw,Vienna,1100
Mia Walker,1980,Warsaw,Vienna,1100
Amelia Holmes,1991,Warsaw,Vienna,1100
Muhammad Chapman,1992,Warsaw,Vienna,1100
William Harris,1979,Rijeka,Brno,700
Charlie Harris,1977,Rijeka,Brno,700
Theo Harris,2015,Rijeka,Brno,700
Mia Foster,1984,Warsaw,Innsbruck,900
William Foster,1981,Warsaw,Innsbruck,900
Daisy Foster,2013,Warsaw,Innsbruck,900
Charlie Foster,2016,Warsaw,Innsbruck,900
Arlo Matthews,1977,Rijeka,Prague,1000
Evelyn Wilson,1979,Rijeka,Prague,1000
Lucas Stevens,1987,Rijeka,Prague,1000
Jack Baker,1988,Napoli,Berlin,1100
Rosie Holmes,1985,Napoli,Berlin,1100
Theodore Matthews,1981,Napoli,Berlin,1100
Noah Walker,1979,Innsbruck,Hamburg,1200
Sofia Webb,1990,Innsbruck,Hamburg,1200
Alfie Stevens,1973,Innsbruck,Hamburg,1200
Emily Holmes,1991,Innsbruck,Hamburg,1200
Theo Chapman,1985,Innsbruck,Hamburg,1200
Theodore Payne,1993,Innsbruck,Hamburg,1200
George Stevens,1975,Warsaw,Innsbruck,1200
Theodore Burton,1981,Warsaw,Innsbruck,1200
Arthur Chapman,1983,Warsaw,Innsbruck,1200
Leo Owen,1983,Warsaw,Innsbruck,1200
Daisy Baker,1984,Warsaw,Innsbruck,1200
Lily Payne,1986,Warsaw,Innsbruck,1200
Finley Owen,1977,Napoli,Berlin,1100
Amelia Holmes,1989,Napoli,Berlin,1100
Arlo Payne,1978,Napoli,Berlin,1100
Mia Webb,1974,Napoli,Berlin,1100
